TIME,{V(VI)+1},{V(VO)+1}
0.00000000e+00,1.00000000e+00,1.99998777e+00
8.00000000e-09,2.00000000e+00,1.00002454e+00
