TIME,{V(VI)+1},{V(VO)+1}
0.00000000e+00,1.00000000e+00,1.99998777e+00
1.00000000e-08,1.00000000e+00,1.44199126e+00
