TIME,V(VI),V(VO)
0.00000000e+00,0.00000000e+00,9.99987771e-01
6.00000000e-09,0.00000000e+00,4.41991258e-01
