TIME,{V(VI)+1},{V(VO)+1}
0.00000000e+00,2.00000000e+00,1.00000003e+00
5.00000000e-09,2.00000000e+00,1.00000003e+00
