TIME,V(VI),V(VO)
0.00000000e+00,0.00000000e+00,9.99987771e-01
6.00000000e-09,1.00000000e+00,2.52734271e-08
